roi,split,patches
ROIs1158_spring_s2_cloudy/s2_cloudy_1,train,784
ROIs1158_spring_s2_cloudy/s2_cloudy_6,train,700
ROIs1158_spring_s2_cloudy/s2_cloudy_8,train,784
ROIs1158_spring_s2_cloudy/s2_cloudy_9,train,525
ROIs1158_spring_s2_cloudy/s2_cloudy_15,train,763
ROIs1158_spring_s2_cloudy/s2_cloudy_17,val,756
ROIs1158_spring_s2_cloudy/s2_cloudy_21,train,703
ROIs1158_spring_s2_cloudy/s2_cloudy_26,train,720
ROIs1158_spring_s2_cloudy/s2_cloudy_31,test,784
ROIs1158_spring_s2_cloudy/s2_cloudy_39,train,818
ROIs1158_spring_s2_cloudy/s2_cloudy_40,train,563
ROIs1158_spring_s2_cloudy/s2_cloudy_44,test,784
ROIs1158_spring_s2_cloudy/s2_cloudy_45,train,694
ROIs1158_spring_s2_cloudy/s2_cloudy_58,train,669
ROIs1158_spring_s2_cloudy/s2_cloudy_63,train,784
ROIs1158_spring_s2_cloudy/s2_cloudy_66,train,757
ROIs1158_spring_s2_cloudy/s2_cloudy_75,train,766
ROIs1158_spring_s2_cloudy/s2_cloudy_77,train,715
ROIs1158_spring_s2_cloudy/s2_cloudy_97,train,297
ROIs1158_spring_s2_cloudy/s2_cloudy_100,train,764
ROIs1158_spring_s2_cloudy/s2_cloudy_101,train,765
ROIs1158_spring_s2_cloudy/s2_cloudy_106,test,784
ROIs1158_spring_s2_cloudy/s2_cloudy_109,train,316
ROIs1158_spring_s2_cloudy/s2_cloudy_110,train,731
ROIs1158_spring_s2_cloudy/s2_cloudy_113,train,738
ROIs1158_spring_s2_cloudy/s2_cloudy_115,train,781
ROIs1158_spring_s2_cloudy/s2_cloudy_117,train,841
ROIs1158_spring_s2_cloudy/s2_cloudy_119,train,736
ROIs1158_spring_s2_cloudy/s2_cloudy_120,train,784
ROIs1158_spring_s2_cloudy/s2_cloudy_121,train,638
ROIs1158_spring_s2_cloudy/s2_cloudy_123,test,781
ROIs1158_spring_s2_cloudy/s2_cloudy_124,train,695
ROIs1158_spring_s2_cloudy/s2_cloudy_126,train,728
ROIs1158_spring_s2_cloudy/s2_cloudy_128,train,782
ROIs1158_spring_s2_cloudy/s2_cloudy_132,train,784
ROIs1158_spring_s2_cloudy/s2_cloudy_134,train,722
ROIs1158_spring_s2_cloudy/s2_cloudy_140,test,850
ROIs1158_spring_s2_cloudy/s2_cloudy_141,train,722
ROIs1158_spring_s2_cloudy/s2_cloudy_142,train,632
ROIs1158_spring_s2_cloudy/s2_cloudy_145,train,742
ROIs1158_spring_s2_cloudy/s2_cloudy_147,train,435
ROIs1868_summer_s2_cloudy/s2_cloudy_4,train,740
ROIs1868_summer_s2_cloudy/s2_cloudy_7,train,805
ROIs1868_summer_s2_cloudy/s2_cloudy_11,train,533
ROIs1868_summer_s2_cloudy/s2_cloudy_15,train,663
ROIs1868_summer_s2_cloudy/s2_cloudy_17,val,784
ROIs1868_summer_s2_cloudy/s2_cloudy_19,val,599
ROIs1868_summer_s2_cloudy/s2_cloudy_25,train,804
ROIs1868_summer_s2_cloudy/s2_cloudy_27,train,823
ROIs1868_summer_s2_cloudy/s2_cloudy_31,train,775
ROIs1868_summer_s2_cloudy/s2_cloudy_36,train,757
ROIs1868_summer_s2_cloudy/s2_cloudy_40,train,846
ROIs1868_summer_s2_cloudy/s2_cloudy_42,train,738
ROIs1868_summer_s2_cloudy/s2_cloudy_43,train,819
ROIs1868_summer_s2_cloudy/s2_cloudy_47,train,647
ROIs1868_summer_s2_cloudy/s2_cloudy_55,train,630
ROIs1868_summer_s2_cloudy/s2_cloudy_56,train,653
ROIs1868_summer_s2_cloudy/s2_cloudy_72,train,769
ROIs1868_summer_s2_cloudy/s2_cloudy_73,test,783
ROIs1868_summer_s2_cloudy/s2_cloudy_76,train,784
ROIs1868_summer_s2_cloudy/s2_cloudy_80,val,713
ROIs1868_summer_s2_cloudy/s2_cloudy_86,train,710
ROIs1868_summer_s2_cloudy/s2_cloudy_87,train,784
ROIs1868_summer_s2_cloudy/s2_cloudy_89,train,371
ROIs1868_summer_s2_cloudy/s2_cloudy_90,train,631
ROIs1868_summer_s2_cloudy/s2_cloudy_93,train,194
ROIs1868_summer_s2_cloudy/s2_cloudy_95,train,703
ROIs1868_summer_s2_cloudy/s2_cloudy_100,train,725
ROIs1868_summer_s2_cloudy/s2_cloudy_101,train,648
ROIs1868_summer_s2_cloudy/s2_cloudy_102,train,508
ROIs1868_summer_s2_cloudy/s2_cloudy_113,train,734
ROIs1868_summer_s2_cloudy/s2_cloudy_114,train,657
ROIs1868_summer_s2_cloudy/s2_cloudy_115,train,849
ROIs1868_summer_s2_cloudy/s2_cloudy_119,test,782
ROIs1868_summer_s2_cloudy/s2_cloudy_120,train,530
ROIs1868_summer_s2_cloudy/s2_cloudy_121,train,784
ROIs1868_summer_s2_cloudy/s2_cloudy_123,train,721
ROIs1868_summer_s2_cloudy/s2_cloudy_124,train,611
ROIs1868_summer_s2_cloudy/s2_cloudy_125,train,741
ROIs1868_summer_s2_cloudy/s2_cloudy_126,train,723
ROIs1868_summer_s2_cloudy/s2_cloudy_127,val,772
ROIs1868_summer_s2_cloudy/s2_cloudy_132,train,784
ROIs1868_summer_s2_cloudy/s2_cloudy_133,train,784
ROIs1868_summer_s2_cloudy/s2_cloudy_135,train,703
ROIs1868_summer_s2_cloudy/s2_cloudy_137,train,651
ROIs1868_summer_s2_cloudy/s2_cloudy_139,train,533
ROIs1868_summer_s2_cloudy/s2_cloudy_140,train,782
ROIs1868_summer_s2_cloudy/s2_cloudy_143,train,700
ROIs1868_summer_s2_cloudy/s2_cloudy_146,train,453
ROIs1868_summer_s2_cloudy/s2_cloudy_147,train,594
ROIs1970_fall_s2_cloudy/s2_cloudy_1,train,849
ROIs1970_fall_s2_cloudy/s2_cloudy_3,train,796
ROIs1970_fall_s2_cloudy/s2_cloudy_4,train,199
ROIs1970_fall_s2_cloudy/s2_cloudy_6,train,764
ROIs1970_fall_s2_cloudy/s2_cloudy_11,train,545
ROIs1970_fall_s2_cloudy/s2_cloudy_14,train,782
ROIs1970_fall_s2_cloudy/s2_cloudy_19,train,639
ROIs1970_fall_s2_cloudy/s2_cloudy_22,train,716
ROIs1970_fall_s2_cloudy/s2_cloudy_26,train,575
ROIs1970_fall_s2_cloudy/s2_cloudy_27,train,848
ROIs1970_fall_s2_cloudy/s2_cloudy_28,train,752
ROIs1970_fall_s2_cloudy/s2_cloudy_30,train,359
ROIs1970_fall_s2_cloudy/s2_cloudy_31,train,666
ROIs1970_fall_s2_cloudy/s2_cloudy_33,train,690
ROIs1970_fall_s2_cloudy/s2_cloudy_35,train,690
ROIs1970_fall_s2_cloudy/s2_cloudy_37,train,714
ROIs1970_fall_s2_cloudy/s2_cloudy_39,train,772
ROIs1970_fall_s2_cloudy/s2_cloudy_40,train,784
ROIs1970_fall_s2_cloudy/s2_cloudy_41,train,718
ROIs1970_fall_s2_cloudy/s2_cloudy_42,train,684
ROIs1970_fall_s2_cloudy/s2_cloudy_57,train,784
ROIs1970_fall_s2_cloudy/s2_cloudy_64,train,784
ROIs1970_fall_s2_cloudy/s2_cloudy_65,val,781
ROIs1970_fall_s2_cloudy/s2_cloudy_71,train,683
ROIs1970_fall_s2_cloudy/s2_cloudy_77,train,793
ROIs1970_fall_s2_cloudy/s2_cloudy_81,train,779
ROIs1970_fall_s2_cloudy/s2_cloudy_82,train,711
ROIs1970_fall_s2_cloudy/s2_cloudy_83,train,784
ROIs1970_fall_s2_cloudy/s2_cloudy_85,train,611
ROIs1970_fall_s2_cloudy/s2_cloudy_88,train,783
ROIs1970_fall_s2_cloudy/s2_cloudy_91,train,696
ROIs1970_fall_s2_cloudy/s2_cloudy_93,train,626
ROIs1970_fall_s2_cloudy/s2_cloudy_100,train,757
ROIs1970_fall_s2_cloudy/s2_cloudy_104,train,766
ROIs1970_fall_s2_cloudy/s2_cloudy_105,train,784
ROIs1970_fall_s2_cloudy/s2_cloudy_107,train,784
ROIs1970_fall_s2_cloudy/s2_cloudy_109,train,682
ROIs1970_fall_s2_cloudy/s2_cloudy_110,train,713
ROIs1970_fall_s2_cloudy/s2_cloudy_112,train,784
ROIs1970_fall_s2_cloudy/s2_cloudy_114,train,828
ROIs1970_fall_s2_cloudy/s2_cloudy_116,train,733
ROIs1970_fall_s2_cloudy/s2_cloudy_119,train,776
ROIs1970_fall_s2_cloudy/s2_cloudy_120,train,747
ROIs1970_fall_s2_cloudy/s2_cloudy_122,train,712
ROIs1970_fall_s2_cloudy/s2_cloudy_125,train,666
ROIs1970_fall_s2_cloudy/s2_cloudy_128,train,783
ROIs1970_fall_s2_cloudy/s2_cloudy_131,train,346
ROIs1970_fall_s2_cloudy/s2_cloudy_133,train,767
ROIs1970_fall_s2_cloudy/s2_cloudy_134,train,684
ROIs1970_fall_s2_cloudy/s2_cloudy_135,train,751
ROIs1970_fall_s2_cloudy/s2_cloudy_136,train,708
ROIs1970_fall_s2_cloudy/s2_cloudy_139,test,784
ROIs1970_fall_s2_cloudy/s2_cloudy_141,train,744
ROIs1970_fall_s2_cloudy/s2_cloudy_142,train,779
ROIs1970_fall_s2_cloudy/s2_cloudy_144,train,559
ROIs1970_fall_s2_cloudy/s2_cloudy_147,train,591
ROIs1970_fall_s2_cloudy/s2_cloudy_148,train,676
ROIs1970_fall_s2_cloudy/s2_cloudy_149,train,680
ROIs2017_winter_s2_cloudy/s2_cloudy_8,train,784
ROIs2017_winter_s2_cloudy/s2_cloudy_21,train,557
ROIs2017_winter_s2_cloudy/s2_cloudy_22,val,610
ROIs2017_winter_s2_cloudy/s2_cloudy_25,train,716
ROIs2017_winter_s2_cloudy/s2_cloudy_42,train,784
ROIs2017_winter_s2_cloudy/s2_cloudy_47,train,672
ROIs2017_winter_s2_cloudy/s2_cloudy_49,train,734
ROIs2017_winter_s2_cloudy/s2_cloudy_55,train,342
ROIs2017_winter_s2_cloudy/s2_cloudy_59,train,710
ROIs2017_winter_s2_cloudy/s2_cloudy_61,train,556
ROIs2017_winter_s2_cloudy/s2_cloudy_62,train,623
ROIs2017_winter_s2_cloudy/s2_cloudy_63,test,784
ROIs2017_winter_s2_cloudy/s2_cloudy_64,train,784
ROIs2017_winter_s2_cloudy/s2_cloudy_68,train,743
ROIs2017_winter_s2_cloudy/s2_cloudy_75,train,700
ROIs2017_winter_s2_cloudy/s2_cloudy_81,train,609
ROIs2017_winter_s2_cloudy/s2_cloudy_84,val,606
ROIs2017_winter_s2_cloudy/s2_cloudy_94,train,757
ROIs2017_winter_s2_cloudy/s2_cloudy_102,train,719
ROIs2017_winter_s2_cloudy/s2_cloudy_104,train,508
ROIs2017_winter_s2_cloudy/s2_cloudy_107,val,775
ROIs2017_winter_s2_cloudy/s2_cloudy_108,test,783
ROIs2017_winter_s2_cloudy/s2_cloudy_112,train,829
ROIs2017_winter_s2_cloudy/s2_cloudy_116,train,777
ROIs2017_winter_s2_cloudy/s2_cloudy_130,val,780
ROIs2017_winter_s2_cloudy/s2_cloudy_135,train,479
ROIs2017_winter_s2_cloudy/s2_cloudy_146,train,612
