scene,official_split,zenodo_dir,n_clips
R003_T51QUU,train,val,223
R003_T52SCF,train,train,580
R005_T48XWK,train,train,269
R006_T38PMB,train,test,139
R007_T33LUC,train,train,146
R008_T30QVM,test,test,329
R008_T30RYV,train,train,250
R008_T32ULB,test,test,138
R010_T18FYK,train,train,164
R010_T19GEM,test,test,250
R011_T18TWL,train,train,80
R018_T47NPF,train,train,125
R018_T48RXT,train,train,203
R018_T49TFJ,train,train,111
R018_T49UFT,train,train,162
R019_T43PGQ,train,train,200
R021_T35NNJ,train,test,174
R021_T36RUU,train,train,273
R021_T38VPQ,test,test,120
R022_T32RLR,train,train,91
R025_T18PWS,train,val,99
R026_T15SYC,train,train,237
R029_T59GPP,train,val,202
R030_T56HLH,test,test,119
R031_T56VLM,train,train,366
R032_T49QGF,train,train,120
R033_T46SEJ,test,val,419
R033_T46TDK,train,train,210
R034_T41RNL,train,test,140
R034_T42TWL,train,train,308
R035_T35LQJ,train,train,201
R035_T38TMT,train,val,248
R036_T34TET,train,val,297
R037_T28QFF,train,val,209
R038_T22KHV,val,test,161
R039_T18LZK,train,val,155
R039_T19LBL,train,train,77
R045_T53JKF,train,train,83
R046_T51TYL,train,test,167
R046_T54WWC,train,train,286
R048_T43TFM,train,train,42
R049_T38QNL,train,train,151
R051_T29PPP,train,train,182
R051_T30SXJ,train,train,214
R051_T31TDM,train,train,241
R053_T20LMR,train,train,283
R053_T20NQF,test,test,392
R055_T13SGT,train,train,200
R056_T10UFB,train,train,612
R058_T03WXS,train,train,54
R060_T53UMP,train,train,216
R061_T48QTE,test,test,146
R065_T32TNT,train,train,254
R065_T33VWC,train,train,165
R067_T20HPK,train,val,73
R069_T14QMG,train,train,239
R070_T12WXS,train,train,136
R073_T55KGP,train,train,215
R075_T50TMK,train,train,374
R076_T46SBJ,train,test,301
R077_T42TTM,train,val,142
R078_T37SDT,test,test,49
R078_T37TDE,train,train,341
R078_T38UNC,val,val,185
R081_T22JDP,train,train,152
R083_T17UMQ,train,val,124
R084_T13UCQ,test,test,233
R086_T05VPJ,test,val,42
R088_T53KLP,test,test,140
R089_T50SQA,val,val,148
R090_T47TNN,test,val,175
R092_T37PFR,train,train,176
R095_T24MWT,train,val,76
R096_T19HCC,train,train,76
R096_T19KES,train,train,152
R097_T17SPU,train,train,113
R100_T07VEL,val,test,121
R102_T54KXF,val,val,39
R103_T50JKP,train,val,75
R105_T43QDE,test,test,97
R105_T44SMG,train,train,166
R107_T34PEU,test,test,228
R107_T37VCC,train,train,335
R108_T30QXD,train,train,305
R108_T31SEA,train,train,306
R108_T34WFV,train,train,33
R110_T20KQB,train,train,292
R113_T10SFJ,train,train,101
R114_T09WWQ,train,train,202
R116_T55HBC,train,train,441
R116_T55HCC,train,train,417
R117_T51KVR,train,train,85
R118_T48PXU,train,train,150
R118_T51VVL,test,test,129
R119_T46VDH,train,train,225
R120_T40RFQ,train,train,92
R120_T41RKQ,train,train,285
R120_T41TPL,test,test,151
R121_T34JCM,train,train,300
R121_T34KFD,test,test,30
R121_T36QTD,train,train,142
R122_T33TUG,test,val,376
R122_T33UWQ,train,train,354
R124_T22LDP,train,train,242
R131_T53LKF,train,train,136
R133_T45RZJ,train,train,271
R133_T48VWP,train,train,105
R134_T44WPA,train,train,144
R135_T35KRV,val,val,247
R135_T36MWA,train,train,226
R135_T38SME,train,val,367
R136_T32PRR,val,val,191
R136_T33QVC,train,train,342
R136_T33RXN,train,val,319
R136_T35ULU,val,test,378
R137_T29QMG,train,val,65
R137_T29SPS,train,train,78
R137_T30STJ,train,train,228
R137_T30TUN,val,test,45
R137_T30UXB,train,train,46
R140_T17SKT,test,test,183
R141_T12RXS,val,test,373
R141_T13TEE,train,train,42
